lat,long,name
603.244,460.621,Gustavo A. Madero
623.385,569.956,San Fernando
608.631,646.459,Gustavo Díaz Ordaz
592.009,290.783,Zumpango
577.937,172.304,Zumpango del Río
668.376,128.981,Zimatlán de Álvarez
582.696,342.819,Zimapan
642.953,289.361,Zaragoza
606.628,337.948,Zacualtipán
629.557,298.356,Zacatlán
643.688,261.466,Zacatepec
589.005,227.615,Zacatepec
66.953,13.349,Villa de Zaachila
925.155,348.081,Estado de Yucatán
599.743,240.298,Yecapixtla
593.075,240.218,Yautepec
815.206,145.749,Yajalón
587.173,229.337,Xoxocotla
577.871,269.139,Xonacatlán
587.685,234.653,Xochitepec
591.822,260.999,Xochimilco
629.559,317.278,Xicotepec de Juárez
660.993,27.006,Xico
597.405,261.682,San Miguel Xico Viejo
615.759,258.472,Santa Ana Xalmimilulco
588.584,266.571,Álvaro Obregón
795.509,190.749,Villahermosa
591.669,273.839,Gustavo A. Madero
57.686,269.782,Villa Cuauhtémoc Otzolotepec
672.258,265.171,Estado de Veracruz-Llave
689.536,256.748,Veracruz
807.626,996.892,Venustiano Carranza
634.484,615.519,Valle Hermoso
951.566,340.054,Valladolid
73.286,107.032,Unión Hidalgo
900.531,350.778,Uman
789.479,122.919,Tuxtla Gutiérrez
647.805,354.957,Tuxpan de Rodríguez Cano
589.749,282.539,Tultitlán
591.066,284.609,Tultepec
616.292,306.642,Tulancingo
583.943,304.872,Tula de Allende
669.053,131.853,Trinidad Zaachila
573.742,262.657,Toluca
624.319,280.707,Tlaxco
588.019,307.084,Tlaxcoapan
61.893,248.329,Tlazcalancingo
622.779,269.777,Estado de Tlaxcala
589.943,226.678,Tlaquiltenango
60.916,166.071,Tlapa de Comonfort
654.289,299.957,Tlapacoyan
652.157,260.611,Tlanalapan
591.337,229.387,Tlaltizapán
589.752,263.167,Tlalpan
588.845,276.597,Tlalnepantla
601.842,258.247,Tlalmanalco de Velázquez
595.185,262.415,Tlahuac
678.551,133.697,Tlacolula de Matamoros
953.155,365.188,Tizimín
596.079,293.022,Tizayuca
582.162,167.558,Tixtla de Guerrero
912.131,357.415,Tixkokob
64.367,341.512,Tihuatlan
577.904,145.304,Tierra Colorada
907.494,324.037,Ticul
579.904,256.709,Santiago Tíanguistenco
586.242,312.562,Tezontepec de Aldama
64.939,291.921,Teziutlan
599.152,275.043,Texcoco de Mora
604.205,240.836,Tetela del Volcán
590.516,297.014,Tequixquiac
565.877,3.309,Tequisquiapan
588.165,282.336,Cuautitlán Izcalli
59.202,245.974,Tepoztlán
587.911,286.533,Tepotzotlán
583.976,296.841,Tepeji de Ocampo
610.046,290.324,Tepeapulco
631.551,245.046,Tepeaca
6.294,250.476,Tepatlaxco de Hidalgo
592.327,315.599,Tepatepec
600.468,224.406,Tepalcingo
810.495,110.965,Teopisca
5.894,287.969,Teoloyucan
845.209,162.339,Tenosique de Pino Suárez
575.834,25.252,Tenango de Arista
575.714,244.617,Tenancingo de Degollado
615.468,386.034,Tempoal de Sánchez
587.679,238.747,Temixco
562.182,297.396,Temascalcingo de José María Velazco
640.083,360.947,Temapache
566.665,211.781,Teloloapan
915.747,313.362,Tecax
648.305,216.981,Tehuacán
637.139,240.213,Tecamachalco
794.789,166.584,Teapa
575.336,222.221,Taxco de Alarcón
817.558,205.108,Tapachula
620.831,376.674,Tantoyuca
602.556,412.872,Tamuin
63.264,427.942,Tampico
602.238,37.166,Tamazunchale
603.536,523.113,Estado de Tamaulipas
804.204,191.473,Estado de Tabasco
818.802,0,Brisas Barra de Suchiate
789.886,115.503,Suchiapa
680.348,249.309,Soledad de Doblado
728.552,184.886,Sayula de Alemán
719.285,9.887,Santo Domingo Tehuantepec
71.732,217.217,Santiago Tuxtla
624.843,270.667,Sección Primera Santiago Tetla
626.452,99.635,Santiago Pinotepa Nacional
646.832,22.161,Santiago Miahuatlán
61.652,303.993,Santiago Tulantepec
624.859,25.169,Santa María Xonacatepec
614.926,260.547,Moyotzingo
618.159,253.494,Santa María Coronango
596.927,270.047,Santa María Chimalhuacán
638.815,151.077,Heroica Ciudad de Tlaxiaco
669.998,137.835,Santa Cruz Xoxocotlán
596.314,28.615,Tecamac de Felipe Villanueva
592.982,287.877,Nextlalpan
621.094,263.678,Chiautempan
653.218,210.037,San Sebastián Zinacatepec
640.096,254.112,San Salvador El Seco
597.973,277.241,San Salvador Atenco
678.877,668.801,San Pedro Pochutla
568.185,281.313,San Pedro Los Baños
592.147,283.597,San Pablo de las Salinas
57.361,266.445,San Pablo Autopan
598.286,258.737,San Pablo Atlazalpan
57.108,26.246,San Miguel Zinacantepec
618.109,256.041,San Miguel Xoxtla
599.488,271.619,Coatlinchán
624.877,255.145,San Miguel Canoa
611.828,26.473,San Matias Tlalancaleca
577.736,261.536,San Mateo Atenco
6.138,262.461,San Martin Texmelucan de Labastida
600.715,285.759,San Martín de las Pirámides
584.294,305.705,San Marcos
582.451,125.019,San Marcos
621.982,260.196,Teolocholco
599.839,284.765,Teotihuacán de Arista
562.434,323.455,San Juan del Río
570.275,260.429,San Juan de las Huertas
690.115,196.354,Tuxtepec
649.791,209.491,San Gabriel Chilac
656.719,199.859,San Gabriel Casa Blanca
569.966,263.038,San Francisco Tlalcilalcalpan
600.054,265.715,San Francisco Acuautla
619.892,252.228,Sanctorum
805.043,121.373,San Cristóbal de las Casas
8.541,166.722,San Carlos
572.075,279.897,San Bartolo del Llano
594.945,2.918,San Bartolo Cuautlalpan
720.201,216.274,San Andres Tuxtla
61.317,25.249,San Andrés Calpan
720.592,910.997,Salina Cruz
562.577,408.715,Río Verde
625.171,632.957,Río Bravo
657.031,237.867,Río Blanco
618.464,637.905,Reynosa
634.925,259.424,Rafael Lara Grajales
941.648,283.596,Estado de Quintana Roo
565.052,357.293,Estado de Querétaro de Arteaga
658.714,737.616,Puerto Escondido
584.798,225.451,Puente de Ixtla
621.615,249.142,Puebla
628.276,237.534,Estado de Puebla
589.026,315.799,Progreso de Alvaro Obregon
903.798,373.071,Progreso de Castro
583.518,281.944,Progreso Industrial
646.107,331.489,Poza Rica de Hidalgo
588.693,269.777,Polanco
988.494,336.698,Playa del Carmen
615.921,372.317,Platón Sánchez
786.302,635.808,Pijijiapan
789.386,164.389,Pichucalco
927.701,309.081,Peto
653.271,277.882,Perote
670.352,245.194,Paso del Macho
786.148,213.647,Paraiso
650.544,326.702,Papantla de Olarte
622.175,415.536,Pánuco
619.366,264.223,Panotla
640.187,241.159,Palmarito Tochapán
826.774,164.363,Palenque
604.088,308.485,Pachuca de Soto
602.047,248.786,Ozumba de Alzate
911.364,319.007,Oxkutzkab
738.199,191.601,Oteapan
657.937,238.511,Orizaba
614.819,11.907,Ometepec
730.662,187.539,Oluta
780.847,123.062,Ocozocoautla de Espinosa
580.186,26.174,Ocoyoacac
823.103,131.026,Ocosingo
670.379,139.816,Oaxaca de Juárez
677.756,1.362,Estado de Oaxaca
562.303,615.235,Estado de Nuevo León
578.256,715.259,Nuevo Laredo
656.116,237.428,Nogales
585.169,281.932,Nicolás Romero
614.209,24.948,Nealtican
587.385,273.195,Naucalpan de Juárez
638.616,376.687,Naranjos
746.779,195.407,Villa Nanchital
61.062,273.964,Ciudad de Nanacamilpa
901.607,32.899,Muna
915.809,362.583,Motul
818.011,459.072,Motozintla de Mendoza
59.529,232.928,Estado de Morelos
567.956,588.838,Montemorelos
619.471,250.815,Santiago Momoxpan
588.232,31.475,Mixquiahuala de Juarez
666.147,298.146,Misantla
632.911,430.301,Miramar
606.038,309.735,Mineral del Monte
741.934,191.432,Minatitlan
594.526,257.387,Milpa Alta
674.602,993.194,Miahuatlán de Porfirio Díaz
57.544,261.081,Metepec
904.804,355.932,Mérida
892.136,33.433,Maxcanú
725.937,129.513,Matías Romero
644.632,627.011,Heroica Matamoros
659.258,305.934,Martínez de la Torre
796.495,496.188,Mapastepec
617.658,452.794,Ursulo Galván
652.136,236.263,Maltrata
606.145,149.742,Malinaltepec
588.324,265.104,Magdalena Contreras
806.519,178.292,Macuspana
595.924,289.611,Reyes Acozac
596.046,266.842,Los Reyes La Paz
57.663,570.597,Linares
637.696,272.053,Libres
578.413,26.271,Lerma de Villada
710.094,22.626,Lerdo de Tejada
82.682,982.079,Las Margaritas
757.474,187.788,Las Choapas
579.896,228.322,La Joya
689.301,224.637,La Isla
631.298,343.633,La Ceiba
906.725,35.369,Kanasín
599.253,252.398,Juchitepec de Mariano Riva Palacio
726.585,105.027,Juchitán de Zaragoza
589.343,225.451,Jojutla
589.426,240.191,Jiutepec
577.715,299.363,Jilotepec de Molina Enríquez
791.131,20.122,Jalpa de Méndez
581.487,256.869,Xalatlaco
664.037,27.611,Xalapa de Enríquez
651.093,291.149,Jalacingo
612.938,224.721,Izúcar de Matamoros
924.561,353.721,Izamal
723.864,112.905,San Jerónimo Ixtepec
572.968,238.107,Ixtapan de la Sal
599.155,264.189,Ixtapaluca
593.076,2.665,Iztapalapa
659.255,238.734,Ixtac Zoquitlán
592.064,268.595,Iztacalco
588.133,328.463,Ixmiquilpan
1,370.069,Isla Mujeres
577.498,210.779,Iguala de la Independencia
896.275,358.245,Hunucmá
810.828,334.027,Huixtla
584.226,208.424,Huitzuco de los Figueroa
780.279,18.229,Huimanguillo
614.441,365.031,Huejutla de Reyes
61.484,25.556,Huejotzingo
626.465,311.624,Huauchinango
662.332,254.969,Huatusco de Chicuellar
635.548,180.854,Ciudad de Huajuapam de León
59.529,329.656,Estado de Hidalgo
887.763,311.822,Hecelchakán
65.843,327.085,Gutiérrez Zamora
562.303,173.049,Estado de Guerrero
821.484,621.592,Frontera Comalapa
804.909,221.501,Frontera
661.263,241.665,Fortín de las Flores
956.648,278.667,Felipe Carrillo Puerto
589.792,260.565,Distrito Federal
565.702,338.754,Ezequiel Montes
867.579,22.513,Escárcega
589.284,237.724,Emiliano Zapata
833.903,177.134,Emiliano Zapata
68.894,250.855,El Tejar
596.151,453.637,Ciudad Mante
584.742,305.633,El Llano
593.112,280.864,Ecatepec
890.318,319.628,Dzitbalché
787.502,195.097,Cunduacán
67.037,236.455,Cuitláhuac
668.493,13.496,Cuilapan de Guerrero
751.621,190.123,Cuichapa
587.678,242.662,Cuernavaca
619.325,251.672,Cuautlancingo
597.086,235.946,Cuautla Morelos
589.397,283.796,Cuautitlán
618.046,303.986,Cuautepec de Hinojosa
585.596,266.641,Cuajimalpa
99.291,329.712,San Miguel de Cozumel
588.265,289.706,Coyotepec
589.955,26.591,Coyoacán
739.262,191.359,Cosoleacaque
659.718,250.768,Heroica Coscomatepec de Bravo
700.894,211.791,Cosamaloapan de Carpio
663.531,240.436,Córdoba
622.787,264.949,San Bernardino Contla
821.767,944.526,Comitán
785.821,206.019,Comalcalco
645.818,328.937,Coatzintla
745.629,19.885,Coatzacoalcos
662.534,271.746,Coatepec
591.975,281.819,Coacalco
590.474,508.838,Ciudad Victoria
59.474,411.645,Ciudad Valles
646.517,246.161,Ciudad Serdán
609.319,289.615,Ciudad Sahagun
594.801,268.889,Ciudad Nezahualcoyotl
591.991,653.005,Ciudad Miguel Alemán
655.399,236.032,Ciudad Mendoza
633.679,427.616,Ciudad Madero
561.917,40.927,Ciudad Fernández
591.079,270.429,Mexico City
831.806,227.175,Ciudad del Carmen
76.952,11.873,Cintalapa de Figueroa
618.264,250.287,Cholula
578.606,166.633,Chilpancingo de los Bravos
589.471,169.065,Chilapa de Alvarez
62.723,293.102,Chignahuapan
598.627,277.666,Chiconcuac
598.522,269.788,San Vicente Chicoloapan
572.983,172.626,Chichihualco
939.449,338.869,Chichén-Itzá
608.373,208.138,Chiautla de Tapia
59.917,277.089,Chiautla
809.702,108.563,Estado de Chiapas
792.819,120.044,Chiapa de Corzo
94.812,219.891,Chetumal
96.024,338.286,Chemax
868.228,265.783,Champotón
598.663,261.214,Chalco de Díaz Covarrubias
636.824,367.905,Cerro Azul
723.476,21.476,Catemaco
70.235,212.188,Carlos A. Carrillo
574.097,412.646,Cardenas
78.082,191.548,Cárdenas
579.923,257.444,Capulhuac
99.619,366.927,Cancún
875.675,246.746,Estado de Campeche
874.762,293.067,Campeche
600.451,64.773,Camargo
609.483,279.284,Calpulalpan
89.048,322.418,Calkiní
574.901,255.769,Calimaya de Díaz González
568.394,340.589,Cadereyta de Montes
562.853,610.629,Cadereyta
571.994,260.737,Cacalomacan
820.706,252.549,Cacahoatán
796.766,135.993,Bochil
690.951,252.274,Boca del Río
784.249,125.064,Berriozábal
621.483,351.011,Benito Juárez
663.332,279.299,Banderilla
841.454,180.807,Balancán de Domínguez
945.167,229.119,Bacalar
589.156,273.663,Azcapotzalco
603.464,21.928,Axochiapan
61.389,24.167,Atlixco
602.593,247.956,Atlautla
566.468,290.986,Atlacomulco
586.702,279.107,Ciudad López Mateos
608.184,219.644,Atencingo
653.806,161.579,Asunción Nochixtlán
62.354,269.593,Apizaco
589.645,300.645,Apaxco de Ocampo
596.619,235.308,San Pedro Apatlaco
613.404,286.061,Apan
712.531,224.417,Angel R. Cabadas
595.672,233.973,Anenecuilco
633.057,423.773,Anahuac
626.792,249.295,Amozoc de Mota
602.993,253.592,Amecameca de Juárez
702.107,234.113,Heroica Alvarado
653.177,289.093,Altotonga
651.422,211.861,Altepexi
630.299,434.242,Altamira
747.262,200.048,Allende
625.796,463.504,Aldama
639.002,352.353,Álamo
652.763,212.384,Ajalpan
755.431,199.161,Agua Dulce
597.145,316.922,Actopan
730.073,188.646,Acayucan
635.377,245.661,Acatzingo de Hidalgo
626.672,202.666,Acatlán de Osorio
565.929,128.647,Acapulco de Juárez
799.556,111.611,Acala
629.891,252.502,Acajete
569.834,261.891,San Antonio Acahualco
601.447,259.179,Miraflores
573.161,259.298,Santiago Tlacotepec
67.114,137.766,San Antonio de la Cal
574.886,62.575,Hidalgo
796.494,179.469,Río de Teapa
639.706,264.669,El Carmen Tequesquitla
630.809,264.153,Huamantla
62.058,256.342,Santo Toribio Xicohtzingo
621.808,262.382,La Magdalena Tlaltelulco
620.369,258.676,Zacatelco
621.685,264.381,Tlaxcala de Xicohtencatl
621.551,256.066,Papalotla
621.609,254.853,Tenancingo
622.935,253.664,Vicente Guerrero
768.275,858.294,Tonalá
76.346,940.541,Arriaga
598.231,279.514,Tezoyuca
61.838,24.951,San Andrés Cholula
608.356,208.055,Ciudad de Chiautla de Tapia
996.173,362.144,Alfredo V. Bonfil
687.725,255.145,Las Amapolas
63.261,426.676,Tampico
646.685,354.729,Alto Lucero
713.996,191.135,Juan Rodríguez Clara
575.384,265.138,San Mateo Otzacatipan
575.736,263.689,Santa María Totoltepec
578.488,261.402,San Pedro Tultepec
576.579,255.759,San Antonio la Isla
580.065,264.602,San Mateo Atarasquíllo
584.551,264.925,San Lorenzo Acopilco
590.089,268.767,Benito Juarez
592.082,271.225,Venustiano Carranza
588.663,270.774,Miguel Hidalgo
59.047,271.346,Cuauhtémoc
583.739,266.637,Huixquilucan
584.806,301.714,San Miguel Vindho
589.199,292.439,San Pedro Xalpa
590.546,285.574,Melchor Ocampo
586.832,284.363,Huilango
591.219,283.111,Santiago Teyahualco
59.496,284.348,Ojo de Agua
589.701,280.371,Buenavista
1.837,790.651,Miguel Alemán (La Doce)
319.284,541.046,Eldorado
277.399,614.957,Leyva Solano
411.716,259.824,Cihuatlán
640.305,981.286,Guadalupe Victoria
535.031,294.337,Zinapécuaro
511.104,171.765,Ixtapa-Zihuatanejo
53.188,771.467,Zaragoza
461.112,336.426,Zapotlanejo
449.571,28.143,Zapotiltic
450.651,342.013,Zapopan
486.966,301.218,Zamora
444.584,314.631,Zacoalco de Torres
463.344,46.784,Estado de Zacatecas
477.152,45.504,Zacatecas
503.244,291.733,Zacapú
524.959,313.672,Yuriria
486.981,320.668,Yurécuaro
467.101,36.723,Yahualica de González Gallo
357.244,478.266,Villa Unión
467.183,432.273,Villanueva
237.742,696.036,Villa Juarez
389.752,398.297,Villa Hidalgo
476.917,394.834,Villa Hidalgo
529.401,330.459,Villagrán
514.403,684.961,Ciudad Frontera
50.826,26.921,Villa Escalante
542.706,623.239,García
439.007,261.517,Ciudad de Villa de Álvarez
47.475,308.423,Venustiano Carranza
525.107,331.449,Valtierrilla
44.453,45.516,Valparaíso
523.077,323.754,Valle de Santiago
557.885,257.462,Valle de Bravo
494.468,269.473,Uruapan
523.296,309.805,Uriangato
450.945,277.454,Tuxpan
484.245,453.187,Trancoso
470.198,331.987,Tototlán
449.523,608.449,Torreon
455.617,336.535,Tonalá
45.367,337.445,Tlaquepaque
448.614,328.231,Tlajomulco de Zúñiga
461.893,310.939,Tizapán el Alto
140.984,993.085,Tijuana
447.842,346.267,Tesistán
435.777,350.769,Tequila
400.811,385.455,Tepic
471.146,347.174,Tepatitlán de Morelos
468.315,257.064,Tepalcatepec
47.738,381.293,Teocaltiche
557.265,241.482,Tejupilco de Hidalgo
38.226,434.573,Tecuala
541.152,148.514,Tecpan de Galeana
434.386,242.147,Tecoman
138.992,996.648,Tecate
45.321,272.826,Tecalitlan
537.362,317.885,Tarimoro
489.523,295.792,Tangancícuaro de Arista
455.051,284.336,Tamazula de Gordiano
440.223,338.146,Tala
514.201,259.737,Tacámbaro de Codallos
210.447,817.903,Estado de Sonora
442.152,502.919,Sombrerete
531.233,422.945,Soledad Díez Gutiérrez
314.904,578.386,Estado de Sinaloa
515.231,354.173,Silao
443.543,295.511,Sayula
387.681,745.894,Saucillo
383.544,580.812,Santiago Papasquiaro
390.495,402.227,Santiago Ixcuintla
557.288,601.895,Santiago
157.637,70.775,Santa Rosalia
547.511,342.989,Santa Rosa Jauregui
537.954,401.299,Santa María del Río
119.618,760.841,Santa Isabel
44.905,331.499,Santa Cruz del Valle
446.759,328.582,Santa Cruz de las Flores
547.191,615.599,Santa Catarina
370.354,678.169,Santa Bárbara
448.699,33.247,Santa Anita
44.883,332.451,Santa Anita
495.808,321.212,Santa Ana Pacueco
195.465,884.746,Santa Ana
449.599,330.578,San Sebastián el Grande
456.197,602.338,San Pedro
552.334,619.381,San Nicolás de los Garza
537.636,333.762,San Miguel Octopan
482.999,358.957,San Miguel el Alto
386.274,569.033,San Miguel de Papasquiaro
537.765,35.261,San Miguel de Allende
750.308,99.051,San Luis Río Colorado
54.581,440.203,Estado de San Luis Potosí
530.004,420.847,San Luis Potosí
545.269,373.798,San Luis de la Paz
545.257,373.757,San Luis de la Paz
235.328,461.808,Cabo San Lucas
490.401,357.897,San Julián
485.384,371.051,San Juan de los Lagos
537.187,336.577,San Juan de la Vega
391.052,347.059,San Juan de Abajo
549.631,357.378,San José Iturbide
455.494,330.433,San José del Castillo
242.409,471.094,San José del Cabo
430.357,289.123,San Gabriel
501.108,358.312,San Francisco del Rincón
728.099,91.139,San Felipe
522.194,383.701,San Felipe
453.349,400.528,Tlaltenango de Sánchez Román
51.121,692.356,San Buenaventura
447.965,33.222,Nicolás R Casillas
533.301,313.765,Salvatierra
529.142,601.778,Saltillo
505.759,447.275,Salinas de Hidalgo
522.999,333.634,Salamanca
47.272,305.258,Sahuayo de Morelos
556.304,661.494,Sabinas Hidalgo
525.445,736.242,Ciudad Sabinas
392.627,409.862,Estación Ruiz
0,985.222,Rosarito
512.268,350.178,Romita
462.343,513.521,Río Grande
537.394,325.457,Rincón de Tamayo
485.703,425.179,Rincón de Romos
531.051,608.194,Ramos Arizpe
512.069,283.535,Quiroga
549.503,334.524,Santiago de Querétaro
512.303,306.931,Puruándiro
496.124,297.067,Puréparo de Echaíz
389.778,336.123,Puerto Vallarta
115.732,927.556,Puerto Peñasco
231.302,708.566,Pueblo Yaqui
465.799,323.003,Poncitlán
443.319,620.972,Poanas
545.034,782.901,Piedras Negras
520.477,165.919,Petatlán
482.647,275.498,Peribán de Ramos
505.524,32.591,Pénjamo
509.232,275.264,Pátzcuaro
490.419,602.793,Parras de la Fuente
494.715,282.533,Paracho de Verduzco
515.357,738.254,Palau
488.084,443.888,Ojo Caliente
412.384,830.813,Ojinaga
470.813,321.658,Ocotlán
492.013,269.882,Nuevo San Juan Parangaricutiro
448.732,343.834,Nuevo México
301.325,87.772,Nuevo Casas Grandes
522.122,740.905,Nueva Rosita
493.257,248.124,Nueva Italia de Ruiz
468.404,377.493,Nochistlán
397.371,412.566,Estado de Nayarit
308.233,565.458,Navolato
250.781,69.281,Navojoa
537.047,76.746,Nava
243.983,876.862,Nacozari Viejo
522.981,308.968,Moroleón
523.233,285.481,Morelia
551.798,615.699,Monterrey
515.444,683.785,Monclova
44.847,539.375,Miguel Auza
501.828,255.959,Estado de Michoacán de Ocampo
49.633,46.784,Mexico
525.142,1,Mexicali
381.427,759.866,Pedro Meoqui
512.291,737.536,Melchor Múzquiz
508.783,365.569,Medina
350.985,480.713,Mazatlán
541.082,50.367,Matehuala
455.806,607.515,Matamoros
519.833,357.229,Marfil
547.714,296.032,Maravatío
419.071,253.211,Manzanillo
156.557,949.877,Rodolfo Sánchez Taboada
200.704,889.458,Magdalena de Kino
293.567,810.183,San Pedro Madera
265.674,622.348,Los Mochis
187.943,634.332,Loreto
496.694,427.627,Loreto
494.644,255.483,Lombardía
507.183,364.507,León
392.886,367.254,Las Varas
452.674,333.733,Las Pintas de Arriba
495.405,321.234,La Piedad Cavadas
222.221,530.747,La Paz
488.844,191.243,La Orilla
486.984,229.243,La Mira Tumbiscatio
498.508,376.965,Lagos de Moreno
334.944,518.761,La Cruz
551.327,335.629,La Cañada
478.331,318.064,La Barca
529.552,337.581,Santa Cruz de Juventino Rosas
559.143,614.161,Juárez
450.389,539.246,Juan Aldama
449.193,317.788,Jocotepec
47.259,301.733,Jiquílpan de Juárez
384.176,76.263,Jiménez
485.005,410.417,Jesús María
463.662,448.418,Jerez de García Salinas
527.219,322.618,Jaral del Progreso
472.991,318.242,Jamay
464.002,392.354,Jalpa
481.029,366.546,Jalostotitlán
441.353,320.444,Estado de Jalisco
418.114,359.453,Ixtlán del Río
390.613,341.618,Ixtapa
517.564,339.426,Irapuato
532.714,226.254,Huetamo de Núñez
244.241,679.321,Huatabampo
375.395,685.042,Hidalgo del Parral
550.516,270.852,Heróica Zitácuaro
201.359,927.084,Nogales
161.238,894.573,Heroica Caborca
2.002,80.515,Hermosillo
202.831,739.744,Heroica Guaymas
282.988,609.751,Guasave
529.317,357.293,Estado de Guanajuato
52.077,35.832,Guanajuato
295.706,604.035,Guamúchil
426.347,547.655,Guadalupe Victoria
553.844,615.794,Guadalupe
479.236,45.419,Guadalupe
450.419,338.877,Guadalajara
446.986,609.884,Gomez Palacio
430.856,508.426,Vicente Guerrero
271.207,620.225,Juan Jose Rios
551.925,622.337,General Escobedo
549.848,614.526,Garza García
467.587,477.858,Fresnillo
427.806,344.491,Etzatlán
371.793,458.583,Escuinapa de Hidalgo
147.361,957.899,Ensenada
488.422,386.437,Encarnación de Díaz
537.671,339.191,Empalme Escobedo
205.583,742.087,Empalme
384.733,488.803,Pueblo Nuevo
413.864,320.444,El Salto
325.368,537.238,El Rosario
453.953,332.081,El Quince
547.743,331.852,El Pueblito
423.164,291.298,El Grullo
278.016,656.701,El Fuerte de Montes Claros
319.424,540.957,El Dorado
421.829,250.119,El Colomo
440.483,344.863,Arenal
402.869,569.174,Estado de Durango
408.667,524.236,Victoria de Durango
49.139,327.833,Degollado
318.605,566.796,Culiacán
50.715,336.564,Gueramaro
33.591,766.804,Cuauhtémoc
559.429,136.695,Coyuca de Benítez
473.174,291.475,Cotija de la Paz
318.587,555.816,Villa de Costa Rica
530.614,328.555,Cortazar
43.664,258.147,Coquimatlán
400.666,370.435,Compostela
537.251,34.197,Comonfort
454.534,418.812,Colotlán
348.252,895.155,Vicente Guerrero
430.357,255.959,Estado de Colima
439.358,260.563,Colima
436.224,322.204,Cocula
458.066,234.448,Coalcomán de Vázquez Pallares
49.633,707.357,Estado de Coahuila de Zaragoza
23.439,715.819,Ciudad Obregón
497.899,342.304,Ciudad Manuel Doblado
44.604,608.078,Ciudad Lerdo
348.441,950.559,Ciudad Juárez
543.917,285.012,Ciudad Hidalgo
448.114,285.695,Ciudad Guzmán
381.863,754.715,Ciudad Delicias
177.596,58.016,Ciudad Constitución
391.718,726.431,Ciudad Camargo
55.794,702.451,Ciudad Anáhuac
540.214,211.272,Ciudad Altamirano
530.895,817.345,Ciudad Acuña
556.781,631.165,Ciénega de Flores
364.384,771.842,Estado de Chihuahua
361.452,77.932,Chihuahua
497.858,284.629,Cherán
525.552,474.914,Charcas
457.036,318.389,Chapala
552.911,436.243,Cerritos
535.396,330.957,Celaya
515.063,677.288,Castaños
41.603,280.198,Casimiro Castillo
476.807,347.752,Capilla de Guadalupe
40.485,552.173,Canatlán
222.851,909.307,Cananea
313.565,559.521,Villa Juárez
47.263,404.045,Calvillo
473.166,465.015,Víctor Rosales
490.393,250.891,Buenos Aires
171.963,624.447,Estado de Baja California Sur
418.263,289.209,Autlán de Navarro
548.018,147.623,Atoyac de Álvarez
479.526,332.464,Atotonilco el Alto
298.961,915.553,Ascención
431.539,243.308,Armeria
505.981,258.299,Ario de Rosales
553.018,209.076,Arcelia
484.905,340.998,Arandas
556.931,62.038,Apodaca
484.553,251.646,Apatzingán
53.972,332.141,Apaseo el Grande
541.772,327.306,Apaseo el Alto
339.737,770.956,Anáhuac
42.887,332.215,Ameca
534.228,763.067,Allende
561.828,593.682,Allende
45.494,318.781,Ajijic
431.195,340.787,Ahualulco de Mercado
259.711,629.229,Ahome
479.837,412.566,Estado de Aguascalientes
487.009,406.063,Aguascalientes
247.323,928.305,Agua Prieta
273.671,619.841,Adolfo Ruíz Cortínes
466.294,34.513,Acatic
385.374,439.869,Acaponeta
538.471,303.691,Acámbaro
51.181,326.891,Abasolo
486.718,41.252,Jesús Gómez Portugal (Margaritas)
557.942,702.229,Anáhuac
531.543,365.922,Dolores Hidalgo Cuna de la Independencia Nacional
489.329,192.541,Guacamayas
489.032,189.851,Ciudad Lázaro Cárdenas
450.633,330.888,"San Pio de Pietrelcina, Hacienda Santa Fe, Tlajomulco, Jalisco"
235.764,460.792,Los Cabos
17.396,664.229,Loreto
222.542,530.482,La Paz
155.469,666.823,Mulegé
172.513,637.344,Comondú
141.773,957.929,Ensenada
626.329,993.219,Mexicali
136.637,995.715,Tecate
245.189,993.059,Tijuana
481.274,984.281,Playas de Rosarito
486.434,406.118,Aguascalientes
493.581,425.463,Asientos
47.269,404.275,Calvillo
486.434,432.833,Cosío
484.785,410.724,Jesús María
487.534,420.857,Pabellón de Arteaga
485.885,425.463,Rincón de Romos
490.833,424.542,Tepezalá
49.743,40.796,El Llano
487.534,417.172,San Francisco de los Romo
892.576,323.346,Calkiní
831.803,226.295,Carmen
868.751,266.115,Champotón
887.771,311.232,Hecelchakán
868.131,225.413,Escárcega
900.415,191.473,Calakmul
867.429,191.473,Candelaria
584.798,225.451,Puente de Ixtla
804.754,449.991,Acacoyagua
799.224,111.545,Acala
799.256,156.467,Amatán
784.413,125.145,Berriozábal
825.646,176.733,Catazajá
81.685,142.649,Chilón
769.761,118.943,Cintalapa
805.304,440.777,Escuintla
589.945,268.088,Colonia del Valle
591.175,273.917,Colonia Lindavista
58.652,267.691,Col. Bosques de las Lomas
590.776,267.816,Colonia Nativitas
593.471,280.119,Ecatepec de Morelos
588.041,267.472,Álvaro Obregón
348.276,88.138,Ahumada
307.268,925.455,Ascensión
325.029,855.922,Buenaventura
404.624,734.757,Camargo
357.828,7.899,Chihuahua
321.698,698.331,Guachochi
31.478,767.911,Guerrero
373.918,795.962,Aldama
439.009,558.556,Cuencamé
360.789,633.444,Guanaceví
428.555,644.214,Mapimí
412.099,461.428,Mezquital
386.148,490.725,Pueblo Nuevo
339.074,581.474,Tamazula
357.495,604.828,Tepehuanes
562.448,195.689,Apaxtla
556.014,206.191,Arcelia
598.488,164.629,Atlixtac
609.201,116.813,Azoyú
57.205,199.375,Cocula
597.238,114.463,Copala
593.497,189.817,Copalillo
605.184,159.918,Copanatoyac
595.794,119.905,Cuautepec
609.946,179.813,Huamuxtitlán
612.321,122.673,Igualapa
604.997,146.052,Malinaltepec
61.452,145.555,Metlatónoc
583.175,157.396,Mochitlán
603.486,183.979,Olinalá
615.654,118.537,Ometepec
574.622,230.788,Pilcaya
541.228,210.785,Pungarabato
564.408,211.262,Teloloapan
572.931,227.516,Tetipac
619.734,13.212,Tlacoachistlahuaca
547.329,215.194,Tlalchapa
547.405,206.516,Tlapehuala
6.098,157.693,Xalpatláhuac
622.112,126.074,Xochistlahuaca
523.034,21.159,Zirándaro
588.835,17.598,Zitlala
596.081,145.863,Acatepec
605.938,138.148,Iliatenco
622.019,311.236,Acaxochitlán
598.085,317.746,Actopan
593.264,309.938,Ajacuba
582.627,324.783,Alfajayucan
617.081,287.834,Almoloya
588.106,305.165,Atitalaquia
616.126,358.679,Atlapexco
609.464,351.888,Calnali
579.924,316.685,Chapantongo
59.757,36.526,Chapulhuacán
587.561,320.904,Chilcuautla
60.723,303.487,Epazoyucan
625.972,330.432,Huehuetla
610.975,365.619,Jaltocán
601.987,333.389,Metztitlán
595.454,369.873,Pisaflores
611.149,301.447,Singuilucan
583.889,332.253,Tasquillo
57.396,331.481,Tecozautla
611.733,291.225,Tepeapulco
587.809,309.253,Tlahuelilpan
606.836,358.954,Tlanchinol
597.959,298.765,Tolcayuca
618.972,349.441,Xochiatipan
615.785,352.586,Yahualica
606.218,29.862,Zempoala
46.614,34.426,Acatic
439.449,349.438,Amatitán
484.759,329.321,Ayotlán
414.557,279.674,Casimiro Castillo
409.006,259.917,Cihuatlán
453.899,417.348,Colotlán
462.112,355.304,Cuquío
491.384,327.113,Degollado
426.797,344.415,Etzatlán
423.706,29.063,El Grullo
402.196,274.532,La Huerta
474.131,317.286,Jamay
449.623,318.084,Jocotepec
458.416,329.587,Juanacatlán
403.795,332.388,Mascota
461.655,295.748,Mazamitla
428.863,423.958,Mezquitic
471.958,323.609,Ocotlán
450.881,257.207,Pihuamo
465.812,321.818,Poncitlán
390.957,340.224,Puerto Vallarta
407.015,29.019,Villa Purificación
455.828,331.247,El Salto
490.993,35.675,San Julián
440.494,335.086,Tala
439.014,299.279,Tapalpa
429.707,314.087,Tecolotlán
390.843,301.032,Tomatlán
471.947,331.837,Tototlán
449.244,273.728,Tuxpan
43.854,286.114,San Gabriel
440.619,324.065,Villa Corona
451.836,280.833,Zapotiltic
573.952,287.948,Morelos
580.935,261.831,Ocoyoacac
577.343,270.805,Otzolotepec
568.173,314.173,Polotitlán
562.919,23.293,Sultepec
554.625,239.098,Tejupilco
561.248,297.352,Temascalcingo
562.838,250.373,Temascaltepec
575.553,272.782,Temoaya
576.302,244.567,Tenancingo
571.357,295.396,Timilpan
548.301,243.736,Luvianos
583.002,224.668,Amacuzac
598.755,243.184,Atlatlahucan
587.372,244.277,Cuernavaca
602.539,230.234,Jantetelco
58.799,224.084,Jojutla
599.597,224.721,Tepalcingo
591.247,221.896,Tlaquiltenango
596.082,244.021,Tlayacapan
587.615,234.059,Xochitepec
593.858,240.371,Yautepec
599.507,23.896,Yecapixtla
602.595,233.518,Temoac
558.249,705.263,Anáhuac
567.439,587.615,Montemorelos
640.644,307.763,Huehuetla
339.234,9.879,Las Delicias
54.902,614.709,San Pedro Garza Garcia
531.269,422.685,Soledad de Graciano Sánchez
419.939,249.633,Manzanillo
586.163,268.687,Naucalpan de Juárez
45.079,330.655,Hacienda Santa Fe
590.718,281.707,Fuentes del Valle
5.758,261.133,San Salvador Tizatlalli
556.109,613.177,Jardines de la Silla (Jardines)
599.807,263.467,San Buenaventura
587.593,293.452,Colonia Santa Teresa
600.513,262.945,San Jerónimo Cuatro Vientos
596.188,284.701,San Martín Azcatepec
557.035,628.362,Fraccionamiento Real Palmas
405.075,989.757,Pórticos de San Antonio
596.921,265.524,San Isidro
504.586,364.755,Centro Familiar la Soledad
575.764,2.658,San José Guadalupe Otzacatipan
453.375,333.218,Las Pintitas
596.124,265.739,Emiliano Zapata
595.684,258.784,San Antonio Tecómitl
31.342,559.409,Licenciado Benito Juárez (Campo Gobierno)
599.881,28.487,Teotihuacán de Arista
585.577,267.474,Jesús del Monte
574.582,260.795,San Jorge Pueblo Nuevo
416.622,830.678,Manuel Ojinaga
724.978,992.245,Terrazas del Valle
505.136,365.691,La Ermita
449.572,329.242,Lomas del Sur
547.533,621.975,Parque Industrial Ciudad Mitras
548.257,621.269,Mitras Poniente
246.673,988.729,Villa del Prado 2da Sección
588.418,239.484,Tres de Mayo
597.443,29.508,Don Antonio
638.859,151.093,Heroica Ciudad de Tlaxiaco
584.368,208.117,Ciudad de Huitzuco
624.355,24.908,Casa Blanca
604.618,305.567,La Providencia Siglo XXI
590.434,280.816,Ampliación San Mateo (Colonia Solidaridad)
741.997,199.795,Fraccionamiento Ciudad Olmeca
612.837,262.868,San Rafael Tlanalapan
596.335,28.616,Tecámac de Felipe Villanueva
549.173,332.466,Venceremos
593.017,283.334,Alborada Jaltenco
689.796,681.525,Crucecita
590.256,240.118,Progreso
50.826,269.148,Santa Clara del Cobre
657.589,240.267,Palmira
639.629,264.679,Villa de El Carmen Tequexquitla
451.148,332.175,Real del Valle (El Paraíso) [Fraccionamiento]
101.638,99.335,Villa del Campo
671.113,1.325,Vicente Guerrero
521.437,282.613,Morelos
456.957,332.665,Centro de Readaptación Social
583.854,28.054,Veintidós de Febrero
686.782,258.753,Fraccionamiento Geovillas los Pinos
597.865,236.321,Juan Morales
616.227,253.563,Santa María Zacatepec
448.811,334.171,La Tijera
447.913,331.176,Lomas de San Agustín
661.959,241.695,Córdoba (Santa Leticia)
23.434,464.342,Las Palmas
595.079,257.341,San Francisco Tecoxpa
416.017,28.011,La Resolana
450.717,331.376,Villas de la Hacienda [Fraccionamiento]
519.302,284.532,Conjunto Habitacional Villas del Pedregal
7.955,194.221,Pomoca
80.261,143.938,Simojovel de Allende
592.055,277.254,Puerto Escondido (Tepeolulco Puerto Escondido)
58.664,236.813,Unidad Habitacional José María Morelos y Pavón
850.606,126.097,Nueva Palestina
242.132,476.146,Las Veredas
597.306,26.732,Profesor Carlos Hank González
592.559,292.577,Fraccionamiento la Trinidad
671.709,139.424,Santa Cruz Amilpas
594.713,289.967,Paseos de San Juan